commit	fitness	noise	signal	bridge	phase	cluster	amp_div	xi_div	consciousness	hall_q	dream_eff	links	status	description
baseline	0.384600	0.6000	0.7067	1.0000	0.5787	0.9732	1.0000	0.0000	0.4127	0.2166	0.6746	532	keep	L3 baseline: L2-best params
285aa7b	0.260000	0.7000	0.8800	1.0000	0.5500	0.9783	1.0000	0.0000	0.9952	0.7000	0.7109	456	keep	L3-15: penalty=0.55
787c515	0.210000	0.7000	0.8800	1.0000	0.7000	0.9783	1.0000	0.0000	0.9952	0.7000	0.7109	456	keep	L3-31: phase_spread=0.2
0cf5245	0.195000	0.7000	0.9200	1.0000	0.7400	0.9742	1.0000	0.0000	0.9700	0.5000	0.8133	517	keep	L3-35: threshold=0.04+spread=0.2 — BEST 10-run avg 0.195
